<?xml version="1.0" ?>
<LOG_ROOT>
	<PROJECT NAME="shixun">
		<CBX_INST_ENTRY INSTANCE_NAME="|shixun|clock:inst19|my8to1:inst36|LPM_MUX:LPM_MUX_component" CBX_FILE_NAME="mux_b3e.tdf"/>
		<CBX_INST_ENTRY INSTANCE_NAME="|shixun|game:inst21|my2_8to1:inst27|LPM_MUX:LPM_MUX_component" CBX_FILE_NAME="mux_73e.tdf"/>
		<CBX_INST_ENTRY INSTANCE_NAME="|shixun|my2_8to1:inst20|LPM_MUX:LPM_MUX_component" CBX_FILE_NAME="mux_73e.tdf"/>
		<CBX_INST_ENTRY INSTANCE_NAME="|shixun|clock:inst19|my1scount:inst5|lpm_counter:LPM_COUNTER_component" CBX_FILE_NAME="cntr_aqj.tdf"/>
		<CBX_INST_ENTRY INSTANCE_NAME="|shixun|game:inst21|my2_8to1:inst2|LPM_MUX:LPM_MUX_component" CBX_FILE_NAME="mux_73e.tdf"/>
		<CBX_INST_ENTRY INSTANCE_NAME="|shixun|game:inst21|my1scount:inst30|lpm_counter:LPM_COUNTER_component" CBX_FILE_NAME="cntr_aqj.tdf"/>
		<CBX_INST_ENTRY INSTANCE_NAME="|shixun|game:inst21|my8_8to1:inst5|LPM_MUX:LPM_MUX_component" CBX_FILE_NAME="mux_f3e.tdf"/>
		<CBX_INST_ENTRY INSTANCE_NAME="|shixun|my1mscount:inst7|lpm_counter:LPM_COUNTER_component" CBX_FILE_NAME="cntr_plj.tdf"/>
		<CBX_INST_ENTRY INSTANCE_NAME="|shixun|singsong:inst|music:inst|compare_do:inst7|lpm_compare:LPM_COMPARE_component" CBX_FILE_NAME="cmpr_a9j.tdf"/>
		<CBX_INST_ENTRY INSTANCE_NAME="|shixun|singsong:inst|music:inst|compare_fa:inst30|lpm_compare:LPM_COMPARE_component" CBX_FILE_NAME="cmpr_a9j.tdf"/>
		<CBX_INST_ENTRY INSTANCE_NAME="|shixun|singsong:inst|music:inst|compare_la:inst32|lpm_compare:LPM_COMPARE_component" CBX_FILE_NAME="cmpr_a9j.tdf"/>
		<CBX_INST_ENTRY INSTANCE_NAME="|shixun|singsong:inst|music:inst|compare_so:inst31|lpm_compare:LPM_COMPARE_component" CBX_FILE_NAME="cmpr_a9j.tdf"/>
		<CBX_INST_ENTRY INSTANCE_NAME="|shixun|singsong:inst|my2_3to1:inst18|LPM_MUX:LPM_MUX_component" CBX_FILE_NAME="mux_23e.tdf"/>
		<CBX_INST_ENTRY INSTANCE_NAME="|shixun|game:inst21|game_rom:inst|altsyncram:altsyncram_component" CBX_FILE_NAME="altsyncram_i081.tdf"/>
		<CBX_INST_ENTRY INSTANCE_NAME="|shixun|singsong:inst|music:inst|compare_xi:inst33|lpm_compare:LPM_COMPARE_component" CBX_FILE_NAME="cmpr_a9j.tdf"/>
		<CBX_INST_ENTRY INSTANCE_NAME="|shixun|game:inst21|my1mscount:inst31|lpm_counter:LPM_COUNTER_component" CBX_FILE_NAME="cntr_plj.tdf"/>
		<CBX_INST_ENTRY INSTANCE_NAME="|shixun|singsong:inst|music_rom_2:inst6|altsyncram:altsyncram_component" CBX_FILE_NAME="altsyncram_5981.tdf"/>
		<CBX_INST_ENTRY INSTANCE_NAME="|shixun|singsong:inst|my1mscount:inst1|lpm_counter:LPM_COUNTER_component" CBX_FILE_NAME="cntr_plj.tdf"/>
		<CBX_INST_ENTRY INSTANCE_NAME="|shixun|singsong:inst|my2_3to1:inst7|LPM_MUX:LPM_MUX_component" CBX_FILE_NAME="mux_23e.tdf"/>
		<CBX_INST_ENTRY INSTANCE_NAME="|shixun|singsong:inst|music:inst|compare_mi:inst29|lpm_compare:LPM_COMPARE_component" CBX_FILE_NAME="cmpr_a9j.tdf"/>
		<CBX_INST_ENTRY INSTANCE_NAME="|shixun|singsong:inst|music:inst|compare_re:inst28|lpm_compare:LPM_COMPARE_component" CBX_FILE_NAME="cmpr_a9j.tdf"/>
		<CBX_INST_ENTRY INSTANCE_NAME="|shixun|singsong:inst|music_rom:inst8|altsyncram:altsyncram_component" CBX_FILE_NAME="altsyncram_g481.tdf"/>
	</PROJECT>
</LOG_ROOT>
